{
	"type": "unitFactory",
	"name": "ecoser factory",
	"description": "Constructs cryofluid fighters",
	"unitType": "ecoser",
	"produceTime": 30,
	"size": 4,
	"maxSpawn": 5,
	"consumes": {
		"power": 1,
		"items": {
		"items": [
            {"item": "titanium", "amount": 10.0},
            {"item": "honey-rubber", "amount": 12.0},        
            ]
        
		}
  },
	"requirements": [
	    {"item": "lead", "amount": 150},
		{"item": "titanium", "amount": 300},
		{"item": "honey-alloy", "amount" : 20},
	],
	"category": "units",
	"research": "titan-factory"
}
