{
	"type": "unitFactory",
	"name": "[yellow]KURABASA",
	"description": "Constructs highly volatile thorium-reactor crawlers.",
	"unitType": "kurabasa",
	"produceTime": 100,
	"size": 5,
	"maxSpawn": 1,
	"consumes": {
		"power": 50,
		"items": {
		"items": [
            {"item": "graphite", "amount": 80.0},
            {"item": "silicon", "amount": 80.0},
            {"item": "thorium", "amount": 100.0},
      ]
		}
  },
	"requirements": [
		{"item": "lead", "amount": 130}
		{"item": "silicon", "amount" : 140}
		{ "item": "thorium", "amount": 150 },
		{ "item": "Green-Rubin", "amount": 75}
	],
	"category": "units",
	"research": "phantom-factory"
}
