{
	"name": "Abnormal swarm of bees",
	"description": "the best defence",
	"type": "UnitFactory",
	"unitType": "military-bee",
	"size": 7,
	"maxSpawn": 35,
	"produceTime": 100,
	"consumes": {
		"power": 6,
		"items": {
			"items": [
				{ "item": "titanium", "amount": 20 },
				{ "item": "carcass", "amount": 5 }
			]
		},
	},
	"category": "units",
	"requirements": [
		{ "item": "wood", "amount": 2000 },
		{ "item": "copper", "amount": 450 },
		{ "item": "silicon", "amount": 350 },
		{ "item": "titanium", "amount": 400 },
		{ "item": "graphite", "amount": 400 }
	]
		"research": "phantom-factory"
}
