{
	"type": "ArtilleryTurret",
	"name": "[yellow]Air rocket launcher",
	"description": "Eco rockets",
	"health": 1000,
	"size": 4,
	"reload": 300,
	"range": 5000,
	"ammoUseEffect": "shellEjectBig",
	"inaccuracy": 0,
	"targetAir": false,
	"rotatespeed": 100,
	"shootSound": "wave",
	"ammo": {
		"Aerosol-center": {
			"speed": 10,
			"lifetime":10000,
			"damage": 1000,
			"shootEffect": "shootBig",
			"smokeEffect": "shootBigSmoke",
			"ammoMultiplier": 1,
			"splashDamageRadius":400,
			"bulletSprite": "Aerosol-bomb",
			"splashDamage": 1000,
			"bulletWidth": 15,
			"bulletHeight": 20
		}
	},
	"requirements": [
		{ "item": "copper", "amount": 500 },
		{ "item": "lead", "amount": 1000 },
		{ "item": "titanium", "amount": 1200 },
		{ "item": "thorium", "amount": 1000},
		{ "item": "graphite", "amount":700},
		{ "item": "carcass", "amount": 200}
	],
	"category": "turret",
	"research": "bzz-Boss"
}
