{
"type": "DoubleTurret",
"name": "[yellow]HONEY BIG BOSS",
"description": "true honey-Boss",
"targetAir": true,
"targetGround": true,
"health": 4000,
"size": 4,
"inaccuracy": 1,
"reload": 0.1,
"shootShake": 3,
"shots": 10,
"range": 200,
"ammo": {
"honey-alloy": {
"speed": 10,
"damage": 30,
"lifetime": 54,
"bulletWidth": 15,
"shootShake": 0.5,
"bulletHeight": 20,
"shootEffect": "shootBig2",
"smokeEffect": "shootBigSmoke2",
	"hitEffect": "hitBulletBig",
"ammoMultiplier": 10
},
"blast-compound": {
"speed": 10,
"damage": 40,
"lifetime": 54,
"bulletWidth": 15,
"bulletHeight": 20,
"shootEffect": "shootBig2",
"smokeEffect": "shootBigSmoke2",
	"hitEffect": "hitBulletBig",
"ammoMultiplier": 4
"splashDamageRadius": 10
"splashDamage": 10
},
"scrap": {
"speed": 10,
"damage": 6,
"lifetime": 54,
"bulletWidth": 11,
"bulletHeight": 15,
"shootEffect": "shootBig2",
"smokeEffect": "shootBigSmoke2",
"hitEffect": "hitBulletBig",
"ammoMultiplier": 2,
"fragBullets": 5,
"fragBullet": {
    "type": "BasicBulletType"
    "damage": 11,
    "lifetime": 9,
    "speed": 2,
    "frontColor": "#aaaaaa",
    "backColor": "#ffffff",
    "bulletWidth": 6,
    "bulletHeight": 8,
    "despawnEffect": "none"
        }
    }
},
"requirements": [
{ "item": "titanium", "amount": 120},
{ "item": "honey-alloy", "amount": 150},
{ "item": "graphite", "amount": 220},
{ "item": "rubber", "amount": 100},
{ "item": "plastanium", "amount": 100}
],
"category": "turret",
"shootSound": "bigshot"
	"research": "bzz-Boss"
}
