{
	"type": "GenericCrafter",
	"name": "water gas",
	"description": "Mixes Deuterium and Tritium into D-T Fuel for use in fusion reactors.",
	"liquidCapacity": 50,
	"outputLiquid": {"liquid": "Liquid-water-gas", "amount": 8.0},
	"size": 3,
	"hasPower": true,
	"hasLiquids": true,
	"craftTime": 60,
	"updateEffect": "smeltsmoke",
	"consumes": {
		"power": 1.2,

		"liquid": {"liquid": "water", "amount": 3}
	},
	"requirements": [
		{ "item": "metaglass", "amount": 250 },
		{ "item": "copper", "amount": 250 },
		{ "item": "silicon", "amount": 100 },
		{ "item": "plastanium", "amount": 200 },
		{ "item": "honey-alloy", "amount": 75 }
	],
	"category": "crafting",
	"research": "cryofluidmixer"
}
